subs,var,type,type_data,id
S01,S1_M1_B39_Li_01_39_CB_ctrl,Int16,cb_ctrl,29
S01,S1_M1_B39_Li_01_39_CB_res,Int16,cb_res,30
S01,S1_M1_B39_Li_01_39_I_res,Float,i_res,31
S01,S1_M1_B39_Li_01_39_P_res,Float,p_res,32
S01,S1_M1_B39_Li_01_39_Q_res,Float,q_res,33
S01,S1_M1_B39_Li_09_39_V_res,Float,v_res,34
S01,S1_M2_B39_Li_01_39_V_res,Float,v_res,35
S01,S1_M2_B39_Li_09_39_CB_ctrl,Int16,cb_ctrl,36
S01,S1_M2_B39_Li_09_39_CB_res,Int16,cb_res,37
S01,S1_M2_B39_Li_09_39_I_res,Float,i_res,38
S01,S1_M2_B39_Li_09_39_P_res,Float,p_res,39
S01,S1_M2_B39_Li_09_39_Q_res,Float,q_res,40
S01,S1_M3_B39_Ld39_CB_ctrl,Int16,cb_ctrl,41
S01,S1_M3_B39_Ld39_CB_res,Int16,cb_res,42
S01,S1_M3_B39_Ld39_P_res,Float,p_res,43
S01,S1_M3_B39_Ld39_Q_res,Float,q_res,44
S01,S1_M3_B39_Ld39_V_res,Float,v_res,45
S01,S1_M4_B39_G1_CB_ctrl,Int16,cb_ctrl,46
S01,S1_M4_B39_G1_CB_res,Int16,cb_res,47
S01,S1_M4_B39_G1_f_res,Float,f_res,48
S01,S1_M4_B39_G1_Ld_res,Float,ld_res,49
S01,S1_M4_B39_G1_P_ctrl,Float,p_ctrl,50
S01,S1_M4_B39_G1_P_res,Float,p_res,51
S01,S1_M4_B39_G1_Q_res,Float,q_res,52
S01,S1_M4_B39_G1_V_ctrl,Float,v_ctrl,53
S01,S1_M4_B39_G1_V_res,Float,v_res,54
S02,S2_M1_B02_Li_02_01_CB_ctrl,Int16,cb_ctrl,55
S02,S2_M1_B02_Li_02_01_CB_res,Int16,cb_res,56
S02,S2_M1_B02_Li_02_01_I_res,Float,i_res,57
S02,S2_M1_B02_Li_02_01_P_res,Float,p_res,58
S02,S2_M1_B02_Li_02_01_Q_res,Float,q_res,59
S02,S2_M1_B02_Li_02_01_V_res,Float,v_res,60
S02,S2_M2_B02_Li_02_03_CB_ctrl,Int16,cb_ctrl,61
S02,S2_M2_B02_Li_02_03_CB_res,Int16,cb_res,62
S02,S2_M2_B02_Li_02_03_I_res,Float,i_res,63
S02,S2_M2_B02_Li_02_03_P_res,Float,p_res,64
S02,S2_M2_B02_Li_02_03_Q_res,Float,q_res,65
S02,S2_M2_B02_Li_02_03_V_res,Float,v_res,66
S02,S2_M3_B02_Li_02_25_CB_ctrl,Int16,cb_ctrl,67
S02,S2_M3_B02_Li_02_25_CB_res,Int16,cb_res,68
S02,S2_M3_B02_Li_02_25_I_res,Float,i_res,69
S02,S2_M3_B02_Li_02_25_P_res,Float,p_res,70
S02,S2_M3_B02_Li_02_25_Q_res,Float,q_res,71
S02,S2_M3_B02_Li_02_25_V_res,Float,v_res,72
S02,S2_M4_B02_TR_CB_ctrl,Int16,cb_ctrl,73
S02,S2_M4_B02_TR_CB_res,Int16,cb_res,74
S02,S2_M4_B02_TR_f_res,Float,f_res,75
S02,S2_M4_B02_TR_tap,Int16,tap,76
S02,S2_M4_B02_TR_tap_ctrl,Int16,tap_ctrl,77
S02,S2_M4_B02_TR_tap_Ld_res,Float,tap_ld_res,78
S02,S2_M4_B02_TR_tap_mode,Int16,tap_mode,79
S02,S2_M4_B02_TR_tap_res,Int16,tap_res,80
S02,S2_M4_B02_TR_V_res,Float,v_res,81
S02,S2_M5_B30_TR_CB_ctrl,Int16,cb_ctrl,82
S02,S2_M5_B30_TR_CB_res,Int16,cb_res,83
S02,S2_M6_B30_G10_CB_ctrl,Int16,cb_ctrl,84
S02,S2_M6_B30_G10_CB_res,Int16,cb_res,85
S02,S2_M6_B30_G10_f_res,Float,f_res,86
S02,S2_M6_B30_G10_Ld_res,Float,ld_res,87
S02,S2_M6_B30_G10_P_ctrl,Float,p_ctrl,88
S02,S2_M6_B30_G10_P_res,Float,p_res,89
S02,S2_M6_B30_G10_Q_res,Float,q_res,90
S02,S2_M6_B30_G10_V_ctrl,Float,v_ctrl,91
S02,S2_M6_B30_G10_V_res,Float,v_res,92
S03,S3_M1_B25_Li_02_25_CB_ctrl,Int16,cb_ctrl,93
S03,S3_M1_B25_Li_02_25_CB_res,Int16,cb_res,94
S03,S3_M1_B25_Li_02_25_I_res,Float,i_res,95
S03,S3_M1_B25_Li_02_25_P_res,Float,p_res,96
S03,S3_M1_B25_Li_02_25_Q_res,Float,q_res,97
S03,S3_M1_B25_Li_02_25_V_res,Float,v_res,98
S03,S3_M2_B25_Ld25_CB_ctrl,Int16,cb_ctrl,99
S03,S3_M2_B25_Ld25_CB_res,Int16,cb_res,100
S03,S3_M2_B25_Ld25_P_res,Float,p_res,101
S03,S3_M2_B25_Ld25_Q_res,Float,q_res,102
S03,S3_M2_B25_Ld25_V_res,Float,v_res,103
S03,S3_M3_B25_Tr_CB_ctrl,Int16,cb_ctrl,104
S03,S3_M3_B25_Tr_CB_res,Int16,cb_res,105
S03,S3_M3_B25_Tr_f_res,Float,f_res,106
S03,S3_M3_B25_Tr_hv_P_res,Float,p_res,107
S03,S3_M3_B25_Tr_hv_Q_res,Float,q_res,108
S03,S3_M3_B25_Tr_Ld_res,Float,ld_res,109
S03,S3_M3_B25_Tr_lv_P_res,Float,p_res,110
S03,S3_M3_B25_Tr_lv_Q_res,Float,q_res,111
S03,S3_M3_B25_Tr_tap,Int16,tap,112
S03,S3_M3_B25_Tr_tap_ctrl,Int16,tap_ctrl,113
S03,S3_M3_B25_Tr_tap_mode,Int16,tap_mode,114
S03,S3_M3_B25_Tr_tap_res,Int16,tap_res,115
S03,S3_M3_B25_Tr_V_res,Float,v_res,116
S03,S3_M4_B25_Li_25_26_CB_ctrl,Int16,cb_ctrl,117
S03,S3_M4_B25_Li_25_26_CB_res,Int16,cb_res,118
S03,S3_M4_B25_Li_25_26_I_res,Float,i_res,119
S03,S3_M4_B25_Li_25_26_P_res,Float,p_res,120
S03,S3_M4_B25_Li_25_26_Q_res,Float,q_res,121
S03,S3_M4_B25_Li_25_26_V_res,Float,v_res,122
S03,S3_M5_B37_Tr_CB_ctrl,Int16,cb_ctrl,123
S03,S3_M5_B37_Tr_CB_res,Int16,cb_res,124
S03,S3_M6_B37_G8_CB_ctrl,Int16,cb_ctrl,125
S03,S3_M6_B37_G8_CB_res,Int16,cb_res,126
S03,S3_M6_B37_G8_f_res,Float,f_res,127
S03,S3_M6_B37_G8_Ld_res,Float,ld_res,128
S03,S3_M6_B37_G8_P_ctrl,Float,p_ctrl,129
S03,S3_M6_B37_G8_P_res,Float,p_res,130
S03,S3_M6_B37_G8_Q_res,Float,q_res,131
S03,S3_M6_B37_G8_V_ctrl,Float,v_ctrl,132
S03,S3_M6_B37_G8_V_res,Float,v_res,133
S04,S04_M1_B29_Li_26_29_CB_ctrl,Int16,cb_ctrl,134
S04,S04_M1_B29_Li_26_29_CB_res,Int16,cb_res,135
S04,S04_M1_B29_Li_26_29_I_res,Float,i_res,136
S04,S04_M1_B29_Li_26_29_P_res,Float,p_res,137
S04,S04_M1_B29_Li_26_29_Q_res,Float,q_res,138
S04,S04_M1_B29_Li_26_29_V_res,Float,v_res,139
S04,S04_M2_B29_Li_28_29_CB_ctrl,Int16,cb_ctrl,140
S04,S04_M2_B29_Li_28_29_CB_res,Int16,cb_res,141
S04,S04_M2_B29_Li_28_29_I_res,Float,i_res,142
S04,S04_M2_B29_Li_28_29_P_res,Float,p_res,143
S04,S04_M2_B29_Li_28_29_Q_res,Float,q_res,144
S04,S04_M2_B29_Li_28_29_V_res,Float,v_res,145
S04,S04_M3_B29_Ld29_CB_ctrl,Int16,cb_ctrl,146
S04,S04_M3_B29_Ld29_CB_res,Int16,cb_res,147
S04,S04_M3_B29_Ld29_f_res,Float,f_res,148
S04,S04_M3_B29_Ld29_I_res,Float,i_res,149
S04,S04_M3_B29_Ld29_P_res,Float,p_res,150
S04,S04_M3_B29_Ld29_Q_res,Float,q_res,151
S04,S04_M3_B29_Ld29_V_res,Float,v_res,152
S04,S04_M4_B29_Tr_CB_ctrl,Int16,cb_ctrl,153
S04,S04_M4_B29_Tr_CB_res,Int16,cb_res,154
S04,S04_M4_B29_Tr_f_res,Float,f_res,155
S04,S04_M4_B29_Tr_hv_P_res,Float,p_res,156
S04,S04_M4_B29_Tr_hv_Q_res,Float,q_res,157
S04,S04_M4_B29_Tr_Ld_res,Float,ld_res,158
S04,S04_M4_B29_Tr_lv_P_res,Float,p_res,159
S04,S04_M4_B29_Tr_lv_Q_res,Float,q_res,160
S04,S04_M4_B29_Tr_tap,Int16,tap,161
S04,S04_M4_B29_Tr_tap_ctrl,Int16,tap_ctrl,162
S04,S04_M4_B29_Tr_tap_mode,Int16,tap_mode,163
S04,S04_M4_B29_Tr_tap_res,Int16,tap_res,164
S04,S04_M4_B29_Tr_V_res,Float,v_res,165
S04,S04_M5_B38_Tr_CB_ctrl,Int16,cb_ctrl,166
S04,S04_M5_B38_Tr_CB_res,Int16,cb_res,167
S04,S04_M6_B38_G9_CB_ctrl,Int16,cb_ctrl,168
S04,S04_M6_B38_G9_CB_res,Int16,cb_res,169
S04,S04_M6_B38_G9_f_res,Float,f_res,170
S04,S04_M6_B38_G9_Ld_res,Float,ld_res,171
S04,S04_M6_B38_G9_P_ctrl,Float,p_ctrl,172
S04,S04_M6_B38_G9_P_res,Float,p_res,173
S04,S04_M6_B38_G9_Q_res,Float,q_res,174
S04,S04_M6_B38_G9_V_ctrl,Float,v_ctrl,175
S04,S04_M6_B38_G9_V_res,Float,v_res,176
S05,S05_M1_B22_Li_21_22_CB_ctrl,Int16,cb_ctrl,177
S05,S05_M1_B22_Li_21_22_CB_res,Int16,cb_res,178
S05,S05_M1_B22_Li_21_22_I_res,Float,i_res,179
S05,S05_M1_B22_Li_21_22_P_res,Float,p_res,180
S05,S05_M1_B22_Li_21_22_Q_res,Float,q_res,181
S05,S05_M1_B22_Li_21_22_V_res,Float,v_res,182
S05,S05_M1_B35_Tr_CB_ctrl,Int16,cb_ctrl,183
S05,S05_M1_B35_Tr_CB_res,Int16,cb_res,184
S05,S05_M2_B22_Li_22_23_CB_ctrl,Int16,cb_ctrl,185
S05,S05_M2_B22_Li_22_23_CB_res,Int16,cb_res,186
S05,S05_M2_B22_Li_22_23_I_res,Float,i_res,187
S05,S05_M2_B22_Li_22_23_P_res,Float,p_res,188
S05,S05_M2_B22_Li_22_23_Q_res,Float,q_res,189
S05,S05_M2_B22_Li_22_23_V_res,Float,v_res,190
S05,S05_M2_B35_G6_CB_ctrl,Int16,cb_ctrl,191
S05,S05_M2_B35_G6_CB_res,Int16,cb_res,192
S05,S05_M2_B35_G6_f_res,Float,f_res,193
S05,S05_M2_B35_G6_Ld_res,Float,ld_res,194
S05,S05_M2_B35_G6_P_ctrl,Float,p_ctrl,195
S05,S05_M2_B35_G6_P_res,Float,p_res,196
S05,S05_M2_B35_G6_Q_res,Float,q_res,197
S05,S05_M2_B35_G6_V_ctrl,Float,v_ctrl,198
S05,S05_M2_B35_G6_V_res,Float,v_res,199
S05,S05_M3_B22_Tr_CB_ctrl,Int16,cb_ctrl,200
S05,S05_M3_B22_Tr_CB_res,Int16,cb_res,201
S05,S05_M3_B22_Tr_f_res,Float,f_res,202
S05,S05_M3_B22_Tr_hv_P_res,Float,p_res,203
S05,S05_M3_B22_Tr_hv_Q_res,Float,q_res,204
S05,S05_M3_B22_Tr_Ld_res,Float,ld_res,205
S05,S05_M3_B22_Tr_lv_P_res,Float,p_res,206
S05,S05_M3_B22_Tr_lv_Q_res,Float,q_res,207
S05,S05_M3_B22_Tr_tap,Int16,tap,208
S05,S05_M3_B22_Tr_tap_ctrl,Int16,tap_ctrl,209
S05,S05_M3_B22_Tr_tap_mode,Int16,tap_mode,210
S05,S05_M3_B22_Tr_tap_res,Int16,tap_res,211
S05,S05_M3_B22_Tr_V_res,Float,v_res,212
S06,S06_M1_B23_Li_23_24_CB_ctrl,Int16,cb_ctrl,213
S06,S06_M1_B23_Li_23_24_CB_res,Int16,cb_res,214
S06,S06_M1_B23_Li_23_24_I_res,Float,I_res,215
S06,S06_M1_B23_Li_23_24_P_res,Float,p_res,216
S06,S06_M1_B23_Li_23_24_Q_res,Float,q_res,217
S06,S06_M1_B23_Li_23_24_V_res,Float,v_res,218
S06,S06_M2_B23_Li_22_23_CB_ctrl,Int16,cb_ctrl,219
S06,S06_M2_B23_Li_22_23_CB_res,Int16,cb_res,220
S06,S06_M2_B23_Li_22_23_I_res,Float,I_res,221
S06,S06_M2_B23_Li_22_23_P_res,Float,p_res,222
S06,S06_M2_B23_Li_22_23_Q_res,Float,q_res,223
S06,S06_M2_B23_Li_22_23_V_res,Float,v_res,224
S06,S06_M3_B23_Ld_V_res,Float,v_res,225
S06,S06_M3_B23_Tr_CB_ctrl,Int16,cb_ctrl,226
S06,S06_M3_B23_Tr_CB_res,Int16,cb_res,227
S06,S06_M3_B23_Tr_f_res,Float,f_res,228
S06,S06_M3_B23_Tr_hv_P_res,Float,p_res,229
S06,S06_M3_B23_Tr_hv_Q_res,Float,q_res,230
S06,S06_M3_B23_Tr_Ld_res,Float,ld_res,231
S06,S06_M3_B23_Tr_lv_P_res,Float,p_res,232
S06,S06_M3_B23_Tr_lv_Q_res,Float,q_res,233
S06,S06_M3_B23_Tr_tap,Int16,tp,234
S06,S06_M3_B23_Tr_tap_ctrl,Int16,tap_ctrl,235
S06,S06_M3_B23_Tr_tap_mode,Int16,tap_mode,236
S06,S06_M3_B23_Tr_tap_res,Int16,tap_res,237
S06,S06_M4_B23_Ld_CB_ctrl,Int16,cb_ctrl,238
S06,S06_M4_B23_Ld_CB_res,Int16,cb_res,239
S06,S06_M4_B23_Ld_I_res,Float,I_res,240
S06,S06_M4_B23_Ld_P_res,Float,p_res,241
S06,S06_M4_B23_Ld_Q_res,Float,q_res,242
S06,S06_M4_B23_Tr_V_res,Float,q_res,243
S06,S06_M5_B36_Tr_CB_ctrl,Int16,cb_ctrl,244
S06,S06_M5_B36_Tr_CB_res,Int16,cb_res,245
S06,S06_M6_B36_G7_CB_ctrl,Int16,cb_ctrl,246
S06,S06_M6_B36_G7_CB_res,Int16,cb_ctrl,247
S06,S06_M6_B36_G7_f_res,Float,f_res,248
S06,S06_M6_B36_G7_Ld_res,Float,ld_res,249
S06,S06_M6_B36_G7_P_ctrl,Float,p_ctrl,250
S06,S06_M6_B36_G7_P_res,Float,p_res,251
S06,S06_M6_B36_G7_Q_res,Float,q_res,252
S06,S06_M6_B36_G7_V_ctrl,Float,v_ctrl,253
S06,S06_M6_B36_G7_V_res,Float,v_res,254
S07,S07_M1_B19_Li_16_19_CB_ctrl,Int16,cb_ctrl,255
S07,S07_M1_B19_Li_16_19_CB_res,Int16,cb_res,256
S07,S07_M1_B19_Li_16_19_I_res,Float,i_res,257
S07,S07_M1_B19_Li_16_19_P_res,Float,p_res,258
S07,S07_M1_B19_Li_16_19_Q_res,Float,q_res,259
S07,S07_M1_B19_Li_16_19_V_res,Float,v_res,260
S07,S07_M10_B34_G5_CB_ctrl,Int16,cb_ctrl,261
S07,S07_M10_B34_G5_CB_res,Int16,cb_res,262
S07,S07_M10_B34_G5_f_res,Float,f_res,263
S07,S07_M10_B34_G5_Ld_res,Float,ld_res,264
S07,S07_M10_B34_G5_P_ctrl,Float,p_ctrl,265
S07,S07_M10_B34_G5_P_res,Float,p_res,266
S07,S07_M10_B34_G5_Q_res,Float,q_res,267
S07,S07_M10_B34_G5_V_ctrl,Float,v_ctrl,268
S07,S07_M10_B34_G5_V_res,Float,v_res,269
S07,S07_M2_B19_Tr_19_33_CB_ctrl,Int16,cb_ctrl,270
S07,S07_M2_B19_Tr_19_33_CB_res,Int16,cb_res,271
S07,S07_M2_B19_Tr_19_33_f_res,Float,f_res,272
S07,S07_M2_B19_Tr_19_33_hv_P_res,Float,p_res,273
S07,S07_M2_B19_Tr_19_33_hv_Q_res,Float,q_res,274
S07,S07_M2_B19_Tr_19_33_Ld_res,Float,ld_res,275
S07,S07_M2_B19_Tr_19_33_lv_P_res,Float,p_res,276
S07,S07_M2_B19_Tr_19_33_lv_Q_res,Float,q_res,277
S07,S07_M2_B19_Tr_19_33_tap,Int16,tap,278
S07,S07_M2_B19_Tr_19_33_tap_ctrl,Int16,tap_ctrl,279
S07,S07_M2_B19_Tr_19_33_tap_mode,Int16,tap_mode,280
S07,S07_M2_B19_Tr_19_33_tap_res,Int16,tap_res,281
S07,S07_M2_B19_Tr_19_33_V_res,Float,v_res,282
S07,S07_M3_B19_Tr_19_20_CB_ctrl,Int16,cb_ctrl,283
S07,S07_M3_B19_Tr_19_20_CB_res,Int16,cb_res,284
S07,S07_M3_B19_Tr_19_20_f_res,Float,f_res,285
S07,S07_M3_B19_Tr_19_20_hv_P_res,Float,p_res,286
S07,S07_M3_B19_Tr_19_20_hv_Q_res,Float,q_res,287
S07,S07_M3_B19_Tr_19_20_Ld_res,Float,ld_res,288
S07,S07_M3_B19_Tr_19_20_lv_P_res,Float,p_res,289
S07,S07_M3_B19_Tr_19_20_lv_Q_res,Float,q_res,290
S07,S07_M3_B19_Tr_19_20_tap,Int16,tap,291
S07,S07_M3_B19_Tr_19_20_tap_ctrl,Int16,tap_ctrl,292
S07,S07_M3_B19_Tr_19_20_tap_mode,Int16,tap_mode,293
S07,S07_M3_B19_Tr_19_20_tap_res,Int16,tap_res,294
S07,S07_M3_B19_Tr_19_20_V_res,Float,v_res,295
S07,S07_M4_B20_Tr_CB_ctrl,Int16,cb_ctrl,296
S07,S07_M4_B20_Tr_CB_res,Int16,cb_res,297
S07,S07_M4_B20_Tr_hv_P_res,Float,p_res,298
S07,S07_M4_B20_Tr_hv_Q_res,Float,q_res,299
S07,S07_M4_B20_Tr_Ld_res,Float,ld_res,300
S07,S07_M4_B20_Tr_lv_P_res,Float,p_res,301
S07,S07_M4_B20_Tr_lv_Q_res,Float,q_res,302
S07,S07_M4_B20_Tr_tap_ctrl,Int16,tap_ctrl,303
S07,S07_M4_B20_Tr_tap_mode,Int16,tap_mode,304
S07,S07_M4_B20_Tr_tap_res,Int16,tap_res,305
S07,S07_M5_B20_Tr_19_20_CB_ctrl,Int16,cb_ctrl,306
S07,S07_M5_B20_Tr_19_20_CB_res,Int16,cb_res,307
S07,S07_M6_B20_Ld20_CB_ctrl,Int16,cb_ctrl,308
S07,S07_M6_B20_Ld20_CB_res,Int16,cb_res,309
S07,S07_M6_B20_Ld20_f_res,Float,f_res,310
S07,S07_M6_B20_Ld20_I_res,Float,i_res,311
S07,S07_M6_B20_Ld20_P_res,Float,p_res,312
S07,S07_M6_B20_Ld20_Q_res,Float,q_res,313
S07,S07_M6_B20_Ld20_V_res,Float,v_res,314
S07,S07_M7_B20_Tr_CB_ctrl,Int16,cb_ctrl,315
S07,S07_M7_B20_Tr_CB_res,Int16,cb_res,316
S07,S07_M7_B20_Tr_f_res,Float,f_res,317
S07,S07_M7_B20_Tr_tap,Int16,tap,318
S07,S07_M7_B20_Tr_V_res,Float,v_res,319
S07,S07_M8_B33_G4_CB_ctrl,Int16,cb_ctrl,320
S07,S07_M8_B33_G4_CB_res,Int16,cb_res,321
S07,S07_M8_B33_G4_f_res,Float,f_res,322
S07,S07_M8_B33_G4_Ld_res,Float,ld_res,323
S07,S07_M8_B33_G4_P_ctrl,Float,p_ctrl,324
S07,S07_M8_B33_G4_P_res,Float,p_res,325
S07,S07_M8_B33_G4_Q_res,Float,q_res,326
S07,S07_M8_B33_G4_V_ctrl,Float,v_ctrl,327
S07,S07_M8_B33_G4_V_res,Float,v_res,328
S07,S07_M9_B34_Tr_CB_ctrl,Int16,cb_ctrl,329
S07,S07_M9_B34_Tr_CB_res,Int16,cb_res,330
S08,S08_M1_B10_Li_10_13_CB_ctrl,Int16,cb_ctrl,331
S08,S08_M1_B10_Li_10_13_CB_res,Int16,cb_res,332
S08,S08_M1_B10_Li_10_13_I_res,Float,i_res,333
S08,S08_M1_B10_Li_10_13_P_res,Float,p_res,334
S08,S08_M1_B10_Li_10_13_Q_res,Float,q_res,335
S08,S08_M1_B10_Li_10_13_V_res,Float,v_res,336
S08,S08_M2_B10_Li_10_11_CB_ctrl,Int16,cb_ctrl,337
S08,S08_M2_B10_Li_10_11_CB_res,Int16,cb_res,338
S08,S08_M2_B10_Li_10_11_I_res,Float,i_res,339
S08,S08_M2_B10_Li_10_11_P_res,Float,p_res,340
S08,S08_M2_B10_Li_10_11_Q_res,Float,q_res,341
S08,S08_M2_B10_Li_10_11_V_res,Float,v_res,342
S08,S08_M3_B10_Tr_CB_ctrl,Int16,cb_ctrl,343
S08,S08_M3_B10_Tr_CB_res,Int16,cb_res,344
S08,S08_M4_B32_Tr_CB_ctrl,Int16,cb_ctrl,345
S08,S08_M4_B32_Tr_CB_res,Int16,cb_res,346
S08,S08_M4_B32_Tr_f_res,Float,f_res,347
S08,S08_M4_B32_Tr_hv_P_res,Float,p_res,348
S08,S08_M4_B32_Tr_hv_Q_res,Float,q_res,349
S08,S08_M4_B32_Tr_Ld_res,Float,ld_res,350
S08,S08_M4_B32_Tr_lv_P_res,Float,p_res,351
S08,S08_M4_B32_Tr_lv_Q_res,Float,q_res,352
S08,S08_M4_B32_Tr_tap,Int16,tap,353
S08,S08_M4_B32_Tr_tap_ctrl,Int16,tap_ctrl,354
S08,S08_M4_B32_Tr_tap_mode,Int16,tap_mode,355
S08,S08_M4_B32_Tr_tap_res,Int16,tap_res,356
S08,S08_M4_B32_Tr_V_res,Float,v_res,357
S08,S08_M5_B32_G3_CB_ctrl,Int16,cb_ctrl,358
S08,S08_M5_B32_G3_CB_res,Int16,cb_res,359
S08,S08_M5_B32_G3_f_res,Float,f_res,360
S08,S08_M5_B32_G3_Ld_res,Float,ld_res,361
S08,S08_M5_B32_G3_P_ctrl,Float,p_ctrl,362
S08,S08_M5_B32_G3_P_res,Float,p_res,363
S08,S08_M5_B32_G3_Q_res,Float,q_res,364
S08,S08_M5_B32_G3_V_ctrl,Float,v_ctrl,365
S08,S08_M5_B32_G3_V_res,Float,v_res,366
S09,S09_M1_B06_Li_06_07_CB_ctrl,Int16,cb_ctrl,367
S09,S09_M1_B06_Li_06_07_CB_res,Int16,cb_res,368
S09,S09_M1_B06_Li_06_07_I_res,Float,i_res,369
S09,S09_M1_B06_Li_06_07_P_res,Float,p_res,370
S09,S09_M1_B06_Li_06_07_Q_res,Float,q_res,371
S09,S09_M1_B06_Li_06_07_V_res,Float,v_res,372
S09,S09_M2_B06_Li_05_06_CB_ctrl,Int16,cb_ctrl,373
S09,S09_M2_B06_Li_05_06_CB_res,Int16,cb_res,374
S09,S09_M2_B06_Li_05_06_I_res,Float,i_res,375
S09,S09_M2_B06_Li_05_06_P_res,Float,p_res,376
S09,S09_M2_B06_Li_05_06_Q_res,Float,q_res,377
S09,S09_M2_B06_Li_05_06_V_res,Float,v_res,378
S09,S09_M3_B06_Li_06_11_CB_ctrl,Int16,cb_ctrl,379
S09,S09_M3_B06_Li_06_11_CB_res,Int16,cb_res,380
S09,S09_M3_B06_Li_06_11_I_res,Float,i_res,381
S09,S09_M3_B06_Li_06_11_P_res,Float,p_res,382
S09,S09_M3_B06_Li_06_11_Q_res,Float,q_res,383
S09,S09_M3_B06_Li_06_11_V_res,Float,v_res,384
S09,S09_M4_B06_Tr_CB_ctrl,Int16,cb_ctrl,385
S09,S09_M4_B06_Tr_CB_res,Int16,cb_res,386
S09,S09_M5_B31_Tr_CB_ctrl,Int16,cb_ctrl,387
S09,S09_M5_B31_Tr_CB_res,Int16,cb_res,388
S09,S09_M5_B31_Tr_f_res,Float,f_res,389
S09,S09_M5_B31_Tr_hv_P_res,Float,p_res,390
S09,S09_M5_B31_Tr_hv_Q_res,Float,q_res,391
S09,S09_M5_B31_Tr_Ld_res,Float,ld_res,392
S09,S09_M5_B31_Tr_lv_P_res,Float,p_res,393
S09,S09_M5_B31_Tr_lv_Q_res,Float,q_res,394
S09,S09_M5_B31_Tr_tap,Int16,tap,395
S09,S09_M5_B31_Tr_tap_ctrl,Int16,tap_ctrl,396
S09,S09_M5_B31_Tr_tap_mode,Int16,tap_mode,397
S09,S09_M5_B31_Tr_tap_res,Int16,tap_res,398
S09,S09_M5_B31_Tr_V_res,Float,v_res,399
S09,S09_M6_Ld31_CB_ctrl,Int16,cb_ctrl,400
S09,S09_M6_Ld31_CB_res,Int16,cb_res,401
S09,S09_M6_Ld31_I_res,Float,i_res,402
S09,S09_M6_Ld31_P_res,Float,p_res,403
S09,S09_M6_Ld31_Q_res,Float,q_res,404
S09,S09_M6_Ld31_V_res,Float,v_res,405
S09,S09_M7_G2_CB_ctrl,Int16,cb_ctrl,406
S09,S09_M7_G2_CB_res,Int16,cb_res,407
S09,S09_M7_G2_f_res,Float,f_res,408
S09,S09_M7_G2_Ld_res,Float,ld_res,409
S09,S09_M7_G2_P_res,Float,p_res,410
S09,S09_M7_G2_Q_res,Float,q_res,411
S09,S09_M7_G2_V_ctrl,Float,v_ctrl,412
S09,S09_M7_G2_V_res,Float,v_res,413
S10,S10_M1_B09_Li_09_39_CB_ctrl,Int16,cb_ctrl,414
S10,S10_M1_B09_Li_09_39_CB_res,Int16,cb_res,415
S10,S10_M1_B09_Li_09_39_f_res,Float,f_res,416
S10,S10_M1_B09_Li_09_39_I_res,Float,i_res,417
S10,S10_M1_B09_Li_09_39_P_res,Float,p_res,418
S10,S10_M1_B09_Li_09_39_Q_res,Float,q_res,419
S10,S10_M1_B09_Li_09_39_V_res,Float,v_res,420
S10,S10_M2_B09_Li_08_09_CB_ctrl,Int16,cb_ctrl,421
S10,S10_M2_B09_Li_08_09_CB_res,Int16,cb_res,422
S10,S10_M2_B09_Li_08_09_I_res,Float,i_res,423
S10,S10_M2_B09_Li_08_09_P_res,Float,p_res,424
S10,S10_M2_B09_Li_08_09_Q_res,Float,q_res,425
S10,S10_M2_B09_Li_08_09_V_res,Float,v_res,426
S11,S11_M1_B08_Li_08_09_CB_ctrl,Int16,cb_ctrl,427
S11,S11_M1_B08_Li_08_09_CB_res,Int16,cb_res,428
S11,S11_M1_B08_Li_08_09_I_res,Float,i_res,429
S11,S11_M1_B08_Li_08_09_P_res,Float,p_res,430
S11,S11_M1_B08_Li_08_09_Q_res,Float,q_res,431
S11,S11_M1_B08_LV_08_09_V_res,Float,v_res,432
S11,S11_M2_B08_Li_05_08_CB_ctrl,Int16,cb_ctrl,433
S11,S11_M2_B08_Li_05_08_CB_res,Int16,cb_res,434
S11,S11_M2_B08_Li_05_08_I_res,Float,i_res,435
S11,S11_M2_B08_Li_05_08_P_res,Float,p_res,436
S11,S11_M2_B08_Li_05_08_Q_res,Float,q_res,437
S11,S11_M2_B08_LV_05_08_V_res,Float,v_res,438
S11,S11_M3_B08_Li_07_08_CB_ctrl,Int16,cb_ctrl,439
S11,S11_M3_B08_Li_07_08_CB_res,Int16,cb_res,440
S11,S11_M3_B08_Li_07_08_I_res,Float,i_res,441
S11,S11_M3_B08_Li_07_08_P_res,Float,p_res,442
S11,S11_M3_B08_Li_07_08_Q_res,Float,q_res,443
S11,S11_M3_B08_LV_07_08_V_res,Float,v_res,444
S11,S11_M4_B08_Ld8_CB_ctrl,Int16,cb_ctrl,445
S11,S11_M4_B08_Ld8_CB_res,Int16,cb_res,446
S11,S11_M4_B08_Ld8_f_res,Float,f_res,447
S11,S11_M4_B08_Ld8_I_res,Float,i_res,448
S11,S11_M4_B08_Ld8_P_res,Float,p_res,449
S11,S11_M4_B08_Ld8_Q_res,Float,q_res,450
S11,S11_M4_B08_Ld8_V_res,Float,v_res,451
S12,S12_M1_B07_Li_07_08_CB_ctrl,Int16,cb_ctrl,452
S12,S12_M1_B07_Li_07_08_CB_res,Int16,cb_res,453
S12,S12_M1_B07_Li_07_08_I_res,Float,i_res,454
S12,S12_M1_B07_Li_07_08_P_res,Float,p_res,455
S12,S12_M1_B07_Li_07_08_Q_res,Float,q_res,456
S12,S12_M1_B07_Li_07_08_V_res,Float,v_res,457
S12,S12_M2_B07_Li_06_07_CB_ctrl,Int16,cb_ctrl,458
S12,S12_M2_B07_Li_06_07_CB_res,Int16,cb_res,459
S12,S12_M2_B07_Li_06_07_I_res,Float,i_res,460
S12,S12_M2_B07_Li_06_07_P_res,Float,p_res,461
S12,S12_M2_B07_Li_06_07_Q_res,Float,q_res,462
S12,S12_M2_B07_Li_06_07_V_res,Float,v_res,463
S12,S12_M3_B07_Ld7_CB_ctrl,Int16,cb_ctrl,464
S12,S12_M3_B07_Ld7_CB_res,Int16,cb_res,465
S12,S12_M3_B07_Ld7_f_res,Float,f_res,466
S12,S12_M3_B07_Ld7_I_res,Float,i_res,467
S12,S12_M3_B07_Ld7_P_res,Float,p_res,468
S12,S12_M3_B07_Ld7_Q_res,Float,q_res,469
S12,S12_M3_B07_Ld7_V_res,Float,v_res,470
S13,S13_M1_B11_Li_10_11_CB_ctrl,Int16,cb_ctrl,471
S13,S13_M1_B11_Li_10_11_CB_res,Int16,cb_res,472
S13,S13_M1_B11_Li_10_11_I_res,Float,i_res,473
S13,S13_M1_B11_Li_10_11_P_res,Float,p_res,474
S13,S13_M1_B11_Li_10_11_Q_res,Float,q_res,475
S13,S13_M1_B11_Li_10_11_V_res,Float,v_res,476
S13,S13_M2_B11_Li_06_11_CB_ctrl,Int16,cb_ctrl,477
S13,S13_M2_B11_Li_06_11_CB_res,Int16,cb_res,478
S13,S13_M2_B11_Li_06_11_I_res,Float,i_res,479
S13,S13_M2_B11_Li_06_11_P_res,Float,p_res,480
S13,S13_M2_B11_Li_06_11_Q_res,Float,q_res,481
S13,S13_M2_B11_Li_06_11_V_res,Float,v_res,482
S13,S13_M3_B11_Tr_11_12_CB_ctrl,Int16,cb_ctrl,483
S13,S13_M3_B11_Tr_11_12_CB_res,Int16,cb_res,484
S13,S13_M3_B11_Tr_11_12_f_res,Float,f_res,485
S13,S13_M3_B11_Tr_11_12_hv_P_res,Float,p_res,486
S13,S13_M3_B11_Tr_11_12_hv_Q_res,Float,q_res,487
S13,S13_M3_B11_Tr_11_12_Ld_res,Float,ld_res,488
S13,S13_M3_B11_Tr_11_12_lv_P_res,Float,p_res,489
S13,S13_M3_B11_Tr_11_12_lv_Q_res,Float,q_res,490
S13,S13_M3_B11_Tr_11_12_tap,Int16,12_tap,491
S13,S13_M3_B11_Tr_11_12_tap_ctrl,Int16,tap_ctrl,492
S13,S13_M3_B11_Tr_11_12_tap_mode,Int16,tap_mode,493
S13,S13_M3_B11_Tr_11_12_tap_res,Int16,tap_res,494
S13,S13_M3_B11_Tr_11_12_V_res,Float,v_res,495
S13,S13_M4_B12_Ld12_CB_ctrl,Int16,cb_ctrl,496
S13,S13_M4_B12_Ld12_CB_res,Int16,cb_res,497
S13,S13_M4_B12_Ld12_f_res,Float,f_res,498
S13,S13_M4_B12_Ld12_I_res,Float,i_res,499
S13,S13_M4_B12_Ld12_P_res,Float,p_res,500
S13,S13_M4_B12_Ld12_Q_res,Float,q_res,501
S13,S13_M4_B12_Ld12_V_res,Float,v_res,502
S13,S13_M5_B12_Tr_11_12_CB_ctrl,Int16,cb_ctrl,503
S13,S13_M5_B12_Tr_11_12_CB_res,Int16,cb_res,504
S13,S13_M6_B12_Tr_12_13_CB_ctrl,Int16,cb_ctrl,505
S13,S13_M6_B12_Tr_12_13_CB_res,Int16,cb_res,506
S13,S13_M6_B12_Tr_12_13_f_res,Float,f_res,507
S13,S13_M6_B12_Tr_12_13_hv_P_res,Float,p_res,508
S13,S13_M6_B12_Tr_12_13_hv_Q_res,Float,q_res,509
S13,S13_M6_B12_Tr_12_13_Ld_res,Float,ld_res,510
S13,S13_M6_B12_Tr_12_13_lv_P_res,Float,p_res,511
S13,S13_M6_B12_Tr_12_13_lv_Q_res,Float,q_res,512
S13,S13_M6_B12_Tr_12_13_tap,Int16,13_tap,513
S13,S13_M6_B12_Tr_12_13_tap_ctrl,Int16,tap_ctrl,514
S13,S13_M6_B12_Tr_12_13_tap_mode,Int16,tap_mode,515
S13,S13_M6_B12_Tr_12_13_tap_res,Int16,tap_res,516
S13,S13_M6_B12_Tr_12_13_V_res,Float,v_res,517
S13,S13_M7_B13_Li_13_14_CB_ctrl,Int16,cb_ctrl,518
S13,S13_M7_B13_Li_13_14_CB_res,Int16,cb_res,519
S13,S13_M7_B13_Li_13_14_I_res,Float,i_res,520
S13,S13_M7_B13_Li_13_14_P_res,Float,p_res,521
S13,S13_M7_B13_Li_13_14_Q_res,Float,q_res,522
S13,S13_M7_B13_Li_13_14_V_res,Float,v_res,523
S13,S13_M8_B13_Li_10_13_CB_ctrl,Int16,cb_ctrl,524
S13,S13_M8_B13_Li_10_13_CB_res,Int16,cb_res,525
S13,S13_M8_B13_Li_10_13_I_res,Float,i_res,526
S13,S13_M8_B13_Li_10_13_P_res,Float,p_res,527
S13,S13_M8_B13_Li_10_13_Q_res,Float,q_res,528
S13,S13_M8_B13_Li_10_13_V_res,Float,v_res,529
S13,S13_M9_B13_Tr_CB_ctrl,Int16,cb_ctrl,530
S13,S13_M9_B13_Tr_CB_res,Int16,cb_res,531
S14,S14_M1_B5_Li_05_08_CB_ctrl,Int16,cb_ctrl,532
S14,S14_M1_B5_Li_05_08_CB_res,Int16,cb_res,533
S14,S14_M1_B5_Li_05_08_I_res,Float,i_res,534
S14,S14_M1_B5_Li_05_08_P_res,Float,p_res,535
S14,S14_M1_B5_Li_05_08_Q_res,Float,q_res,536
S14,S14_M1_B5_Li_05_08_V_res,Float,v_res,537
S14,S14_M2_B5_Li_05_06_CB_ctrl,Int16,cb_ctrl,538
S14,S14_M2_B5_Li_05_06_CB_res,Int16,cb_res,539
S14,S14_M2_B5_Li_05_06_I_res,Float,i_res,540
S14,S14_M2_B5_Li_05_06_P_res,Float,p_res,541
S14,S14_M2_B5_Li_05_06_Q_res,Float,q_res,542
S14,S14_M2_B5_Li_05_06_V_res,Float,v_res,543
S14,S14_M3_B5_Li_04_05_CB_ctrl,Int16,cb_ctrl,544
S14,S14_M3_B5_Li_04_05_CB_res,Int16,cb_res,545
S14,S14_M3_B5_Li_04_05_I_res,Float,i_res,546
S14,S14_M3_B5_Li_04_05_P_res,Float,p_res,547
S14,S14_M3_B5_Li_04_05_Q_res,Float,q_res,548
S14,S14_M3_B5_Li_04_05_V_res,Float,v_res,549
S15,S15_M1_B4_Li_04_05_CB_ctrl,Int16,cb_ctrl,550
S15,S15_M1_B4_Li_04_05_CB_res,Int16,cb_res,551
S15,S15_M1_B4_Li_04_05_I_res,Float,i_res,552
S15,S15_M1_B4_Li_04_05_P_res,Float,p_res,553
S15,S15_M1_B4_Li_04_05_Q_res,Float,q_res,554
S15,S15_M1_B4_Li_04_05_V_res,Float,v_res,555
S15,S15_M2_B4_Li_03_04_CB_ctrl,Int16,cb_ctrl,556
S15,S15_M2_B4_Li_03_04_CB_res,Int16,cb_res,557
S15,S15_M2_B4_Li_03_04_I_res,Float,i_res,558
S15,S15_M2_B4_Li_03_04_P_res,Float,p_res,559
S15,S15_M2_B4_Li_03_04_Q_res,Float,q_res,560
S15,S15_M2_B4_Li_03_04_V_res,Float,v_res,561
S15,S15_M3_B4_Li_04_14_CB_ctrl,Int16,cb_ctrl,562
S15,S15_M3_B4_Li_04_14_CB_res,Int16,cb_res,563
S15,S15_M3_B4_Li_04_14_I_res,Float,i_res,564
S15,S15_M3_B4_Li_04_14_P_res,Float,p_res,565
S15,S15_M3_B4_Li_04_14_Q_res,Float,q_res,566
S15,S15_M3_B4_Li_04_14_V_res,Float,v_res,567
S15,S15_M4_B4_Ld4_CB_ctrl,Int16,cb_ctrl,568
S15,S15_M4_B4_Ld4_CB_res,Int16,cb_res,569
S15,S15_M4_B4_Ld4_f_res,Float,f_res,570
S15,S15_M4_B4_Ld4_P_res,Float,p_res,571
S15,S15_M4_B4_Ld4_Q_res,Float,q_res,572
S15,S15_M4_B4_Ld4_V_res,Float,v_res,573
S16,S16_M1_B3_Li_03_04_CB_ctrl,Int16,cb_ctrl,574
S16,S16_M1_B3_Li_03_04_CB_res,Int16,cb_res,575
S16,S16_M1_B3_Li_03_04_I_res,Float,i_res,576
S16,S16_M1_B3_Li_03_04_P_res,Float,p_res,577
S16,S16_M1_B3_Li_03_04_Q_res,Float,q_res,578
S16,S16_M1_B3_Li_03_04_V_res,Float,v_res,579
S16,S16_M2_B3_Li_02_03_CB_ctrl,Int16,cb_ctrl,580
S16,S16_M2_B3_Li_02_03_CB_res,Int16,cb_res,581
S16,S16_M2_B3_Li_02_03_I_res,Float,i_res,582
S16,S16_M2_B3_Li_02_03_P_res,Float,p_res,583
S16,S16_M2_B3_Li_02_03_Q_res,Float,q_res,584
S16,S16_M2_B3_Li_02_03_V_res,Float,v_res,585
S16,S16_M3_B3_Li_03_18_CB_ctrl,Int16,cb_ctrl,586
S16,S16_M3_B3_Li_03_18_CB_res,Int16,cb_res,587
S16,S16_M3_B3_Li_03_18_I_res,Float,i_res,588
S16,S16_M3_B3_Li_03_18_P_res,Float,p_res,589
S16,S16_M3_B3_Li_03_18_Q_res,Float,q_res,590
S16,S16_M3_B3_Li_03_18_V_res,Float,v_res,591
S16,S16_M4_B3_Ld3_CB_ctrl,Int16,cb_ctrl,592
S16,S16_M4_B3_Ld3_CB_res,Int16,cb_res,593
S16,S16_M4_B3_Ld3_f_res,Float,f_res,594
S16,S16_M4_B3_Ld3_P_res,Float,p_res,595
S16,S16_M4_B3_Ld3_Q_res,Float,q_res,596
S16,S16_M4_B3_Ld3_V_res,Float,v_res,597
S17,S17_M1_B1_Li_01_02_CB_ctrl,Int16,cb_ctrl,598
S17,S17_M1_B1_Li_01_02_CB_res,Int16,cb_res,599
S17,S17_M1_B1_Li_01_02_f_res,Float,f_res,600
S17,S17_M1_B1_Li_01_02_I_res,Float,i_res,601
S17,S17_M1_B1_Li_01_02_P_res,Float,p_res,602
S17,S17_M1_B1_Li_01_02_Q_res,Float,q_res,603
S17,S17_M1_B1_Li_01_02_V_res,Float,v_res,604
S17,S17_M2_B1_Li_01_39_CB_ctrl,Int16,cb_ctrl,605
S17,S17_M2_B1_Li_01_39_CB_res,Int16,cb_res,606
S17,S17_M2_B1_Li_01_39_I_res,Float,i_res,607
S17,S17_M2_B1_Li_01_39_P_res,Float,p_res,608
S17,S17_M2_B1_Li_01_39_Q_res,Float,q_res,609
S17,S17_M2_B1_Li_01_39_V_res,Float,v_res,610
S18,S18_M1_B18_Li_03_18_CB_ctrl,Int16,cb_ctrl,611
S18,S18_M1_B18_Li_03_18_CB_res,Int16,cb_res,612
S18,S18_M1_B18_Li_03_18_I_res,Float,i_res,613
S18,S18_M1_B18_Li_03_18_P_res,Float,p_res,614
S18,S18_M1_B18_Li_03_18_Q_res,Float,q_res,615
S18,S18_M1_B18_Li_03_18_V_res,Float,v_res,616
S18,S18_M2_B18_Li_17_18_CB_ctrl,Int16,cb_ctrl,617
S18,S18_M2_B18_Li_17_18_CB_res,Int16,cb_res,618
S18,S18_M2_B18_Li_17_18_I_res,Float,i_res,619
S18,S18_M2_B18_Li_17_18_P_res,Float,p_res,620
S18,S18_M2_B18_Li_17_18_Q_res,Float,q_res,621
S18,S18_M2_B18_Li_17_18_V_res,Float,v_res,622
S18,S18_M3_B18_Ld18_CB_ctrl,Int16,cb_ctrl,623
S18,S18_M3_B18_Ld18_CB_res,Int16,cb_res,624
S18,S18_M3_B18_Ld18_f_res,Float,f_res,625
S18,S18_M3_B18_Ld18_P_res,Float,p_res,626
S18,S18_M3_B18_Ld18_Q_res,Float,q_res,627
S18,S18_M3_B18_Ld18_V_res,Float,v_res,628
S19,S19_M1_B26_Li_25_26_CB_ctrl,Int16,cb_ctrl,629
S19,S19_M1_B26_Li_25_26_CB_res,Int16,cb_res,630
S19,S19_M1_B26_Li_25_26_I_res,Float,i_res,631
S19,S19_M1_B26_Li_25_26_P_res,Float,p_res,632
S19,S19_M1_B26_Li_25_26_Q_res,Float,q_res,633
S19,S19_M1_B26_Li_25_26_V_res,Float,v_res,634
S19,S19_M2_B26_Li_26_27_CB_ctrl,Int16,cb_ctrl,635
S19,S19_M2_B26_Li_26_27_CB_res,Int16,cb_res,636
S19,S19_M2_B26_Li_26_27_I_res,Float,i_res,637
S19,S19_M2_B26_Li_26_27_P_res,Float,p_res,638
S19,S19_M2_B26_Li_26_27_Q_res,Float,q_res,639
S19,S19_M2_B26_Li_26_27_V_res,Float,v_res,640
S19,S19_M3_B26_Li_26_28_CB_ctrl,Int16,cb_ctrl,641
S19,S19_M3_B26_Li_26_28_CB_res,Int16,cb_res,642
S19,S19_M3_B26_Li_26_28_I_res,Float,i_res,643
S19,S19_M3_B26_Li_26_28_P_res,Float,p_res,644
S19,S19_M3_B26_Li_26_28_Q_res,Float,q_res,645
S19,S19_M3_B26_Li_26_28_V_res,Float,v_res,646
S19,S19_M4_B26_Li_26_29_CB_ctrl,Int16,cb_ctrl,647
S19,S19_M4_B26_Li_26_29_CB_res,Int16,cb_res,648
S19,S19_M4_B26_Li_26_29_I_res,Float,i_res,649
S19,S19_M4_B26_Li_26_29_P_res,Float,p_res,650
S19,S19_M4_B26_Li_26_29_Q_res,Float,q_res,651
S19,S19_M4_B26_Li_26_29_V_res,Float,v_res,652
S19,S19_M5_B26_Ld26_CB_ctrl,Int16,cb_ctrl,653
S19,S19_M5_B26_Ld26_CB_res,Int16,cb_res,654
S19,S19_M5_B26_Ld26_f_res,Float,f_res,655
S19,S19_M5_B26_Ld26_I_res,Float,i_res,656
S19,S19_M5_B26_Ld26_P_res,Float,p_res,657
S19,S19_M5_B26_Ld26_Q_res,Float,q_res,658
S19,S19_M5_B26_Ld26_V_res,Float,v_res,659
S20,S20_M1_B28_Li_26_28_CB_ctrl,Int16,cb_ctrl,660
S20,S20_M1_B28_Li_26_28_CB_res,Int16,cb_res,661
S20,S20_M1_B28_Li_26_28_I_res,Float,i_res,662
S20,S20_M1_B28_Li_26_28_P_res,Float,p_res,663
S20,S20_M1_B28_Li_26_28_Q_res,Float,q_res,664
S20,S20_M1_B28_Li_26_28_V_res,Float,v_res,665
S20,S20_M2_B28_Li_28_29_CB_ctrl,Int16,cb_ctrl,666
S20,S20_M2_B28_Li_28_29_CB_res,Int16,cb_res,667
S20,S20_M2_B28_Li_28_29_I_res,Float,i_res,668
S20,S20_M2_B28_Li_28_29_P_res,Float,p_res,669
S20,S20_M2_B28_Li_28_29_Q_res,Float,q_res,670
S20,S20_M2_B28_Li_28_29_V_res,Float,v_res,671
S20,S20_M3_B28_Ld28_CB_ctrl,Int16,cb_ctrl,672
S20,S20_M3_B28_Ld28_CB_res,Int16,cb_res,673
S20,S20_M3_B28_Ld28_f_res,Float,f_res,674
S20,S20_M3_B28_Ld28_I_res,Float,i_res,675
S20,S20_M3_B28_Ld28_P_res,Float,p_res,676
S20,S20_M3_B28_Ld28_Q_res,Float,q_res,677
S20,S20_M3_B28_Ld28_V_res,Float,v_res,678
S21,S21_M1_B24_Li_23_24_CB_ctrl,Int16,cb_ctrl,679
S21,S21_M1_B24_Li_23_24_CB_res,Int16,cb_res,680
S21,S21_M1_B24_Li_23_24_I_res,Float,i_res,681
S21,S21_M1_B24_Li_23_24_P_res,Float,p_res,682
S21,S21_M1_B24_Li_23_24_Q_res,Float,q_res,683
S21,S21_M1_B24_Li_23_24_V_res,Float,v_res,684
S21,S21_M2_B24_Li_16_24_CB_ctrl,Int16,cb_ctrl,685
S21,S21_M2_B24_Li_16_24_CB_res,Int16,cb_res,686
S21,S21_M2_B24_Li_16_24_I_res,Float,i_res,687
S21,S21_M2_B24_Li_16_24_P_res,Float,p_res,688
S21,S21_M2_B24_Li_16_24_Q_res,Float,q_res,689
S21,S21_M2_B24_Li_16_24_V_res,Float,v_res,690
S21,S21_M3_B24_Ld24_CB_ctrl,Int16,cb_ctrl,691
S21,S21_M3_B24_Ld24_CB_res,Int16,cb_res,692
S21,S21_M3_B24_Ld24_f_res,Float,f_res,693
S21,S21_M3_B24_Ld24_I_res,Float,i_res,694
S21,S21_M3_B24_Ld24_P_res,Float,p_res,695
S21,S21_M3_B24_Ld24_Q_res,Float,q_res,696
S21,S21_M3_B24_Ld24_V_res,Float,v_res,697
S22,S22_M1_B27_Li_17_27_CB_ctrl,Int16,cb_ctrl,698
S22,S22_M1_B27_Li_17_27_CB_res,Int16,cb_res,699
S22,S22_M1_B27_Li_17_27_I_res,Float,i_res,700
S22,S22_M1_B27_Li_17_27_P_res,Float,p_res,701
S22,S22_M1_B27_Li_17_27_Q_res,Float,q_res,702
S22,S22_M1_B27_Li_17_27_V_res,Float,v_res,703
S22,S22_M2_B27_Li_26_27_CB_ctrl,Int16,cb_ctrl,704
S22,S22_M2_B27_Li_26_27_CB_res,Int16,cb_res,705
S22,S22_M2_B27_Li_26_27_I_res,Float,i_res,706
S22,S22_M2_B27_Li_26_27_P_res,Float,p_res,707
S22,S22_M2_B27_Li_26_27_Q_res,Float,q_res,708
S22,S22_M2_B27_Li_26_27_V_res,Float,v_res,709
S22,S22_M3_B27_Ld27_CB_ctrl,Int16,cb_ctrl,710
S22,S22_M3_B27_Ld27_CB_res,Int16,cb_res,711
S22,S22_M3_B27_Ld27_f_res,Float,f_res,712
S22,S22_M3_B27_Ld27_I_res,Float,i_res,713
S22,S22_M3_B27_Ld27_P_res,Float,p_res,714
S22,S22_M3_B27_Ld27_Q_res,Float,q_res,715
S22,S22_M3_B27_Ld27_V_res,Float,v_res,716
S23,S23_M1_B17_Li_17_18_CB_ctrl,Int16,cb_ctrl,717
S23,S23_M1_B17_Li_17_18_CB_res,Int16,cb_res,718
S23,S23_M1_B17_Li_17_18_I_res,Float,i_res,719
S23,S23_M1_B17_Li_17_18_P_res,Float,p_res,720
S23,S23_M1_B17_Li_17_18_Q_res,Float,q_res,721
S23,S23_M2_B17_Li_17_27_CB_ctrl,Int16,cb_ctrl,722
S23,S23_M2_B17_Li_17_27_CB_res,Int16,cb_res,723
S23,S23_M2_B17_Li_17_27_I_res,Float,i_res,724
S23,S23_M2_B17_Li_17_27_P_res,Float,p_res,725
S23,S23_M2_B17_Li_17_27_Q_res,Float,q_res,726
S23,S23_M2_B17_Li_17_27_V_res,Float,v_res,727
S23,S23_M3_B17_Li_16_17_CB_ctrl,Int16,cb_ctrl,728
S23,S23_M3_B17_Li_16_17_CB_res,Int16,cb_res,729
S23,S23_M3_B17_Li_16_17_f_res,Float,f_res,730
S23,S23_M3_B17_Li_16_17_I_res,Float,i_res,731
S23,S23_M3_B17_Li_16_17_P_res,Float,p_res,732
S23,S23_M3_B17_Li_16_17_Q_res,Float,q_res,733
S23,S23_M3_B17_Li_16_17_V_res,Float,v_res,734
S24,S24_M1_B16_Li_16_24_CB_ctrl,Int16,cb_ctrl,735
S24,S24_M2_B16_Li_16_21_CB_ctrl,Int16,cb_ctrl,741
S24,S24_M3_B16_Li_16_19_CB_ctrl,Int16,cb_ctrl,747
S24,S24_M4_B16_Li_16_17_CB_ctrl,Int16,cb_ctrl,753
S24,S24_M5_B16_Li_15_16_CB_ctrl,Int16,cb_ctrl,759
S24,S24_M6_B16_Ld16_CB_ctrl,Int16,cb_ctrl,765
S25,S25_M1_B21_Li_16_21_CB_ctrl,Int16,cb_ctrl,772
S25,S25_M2_B21_Li_21_22_CB_ctrl,Int16,cb_ctrl,778
S25,S25_M3_B21_Ld21_CB_ctrl,Int16,cb_ctrl,784
S26,S26_M1_B15_Li_15_16_CB_ctrl,Int16,cb_ctrl,791
S26,S26_M2_B15_Li_14_15_CB_ctrl,Int16,cb_ctrl,797
S27,S27_M1_B14_Li_14_15_CB_ctrl,Int16,cb_ctrl,810
S27,S27_M2_B14_Li_13_14_CB_ctrl,Int16,cb_ctrl,816
S27,S27_M3_B14_Li_04_14_CB_ctrl,Int16,cb_ctrl,823
S24,S24_M1_B16_Li_16_24_CB_res,Int16,cb_res,736
S24,S24_M1_B16_Li_16_24_I_res,Float,i_res,737
S24,S24_M1_B16_Li_16_24_P_res,Float,p_res,738
S24,S24_M1_B16_Li_16_24_Q_res,Float,q_res,739
S24,S24_M1_B16_Li_16_24_V_res,Float,v_res,740
S24,S24_M2_B16_Li_16_21_CB_res,Int16,cb_res,742
S24,S24_M2_B16_Li_16_21_I_res,Float,i_res,743
S24,S24_M2_B16_Li_16_21_P_res,Float,p_res,744
S24,S24_M2_B16_Li_16_21_Q_res,Float,q_res,745
S24,S24_M2_B16_Li_16_21_V_res,Float,v_res,746
S24,S24_M3_B16_Li_16_19_CB_res,Int16,cb_res,748
S24,S24_M3_B16_Li_16_19_I_res,Float,i_res,749
S24,S24_M3_B16_Li_16_19_P_res,Float,p_res,750
S24,S24_M3_B16_Li_16_19_Q_res,Float,q_res,751
S24,S24_M3_B16_Li_16_19_V_res,Float,v_res,752
S24,S24_M4_B16_Li_16_17_CB_res,Int16,cb_res,754
S24,S24_M4_B16_Li_16_17_I_res,Float,i_res,755
S24,S24_M4_B16_Li_16_17_P_res,Float,p_res,756
S24,S24_M4_B16_Li_16_17_Q_res,Float,q_res,757
S24,S24_M4_B16_Li_16_17_V_res,Float,v_res,758
S24,S24_M5_B16_Li_15_16_CB_res,Int16,cb_res,760
S24,S24_M5_B16_Li_15_16_I_res,Float,i_res,761
S24,S24_M5_B16_Li_15_16_P_res,Float,p_res,762
S24,S24_M5_B16_Li_15_16_Q_res,Float,q_res,763
S24,S24_M5_B16_Li_15_16_V_res,Float,v_res,764
S24,S24_M6_B16_Ld16_CB_res,Int16,cb_res,766
S24,S24_M6_B16_Ld16_f_res,Float,f_res,767
S24,S24_M6_B16_Ld16_I_res,Float,i_res,768
S24,S24_M6_B16_Ld16_P_res,Float,p_res,769
S24,S24_M6_B16_Ld16_Q_res,Float,q_res,770
S24,S24_M6_B16_Ld16_V_res,Float,v_res,771
S25,S25_M1_B21_Li_16_21_CB_res,Int16,cb_res,773
S25,S25_M1_B21_Li_16_21_I_res,Float,i_res,774
S25,S25_M1_B21_Li_16_21_P_res,Float,p_res,775
S25,S25_M1_B21_Li_16_21_Q_res,Float,q_res,776
S25,S25_M1_B21_Li_16_21_V_res,Float,v_res,777
S25,S25_M2_B21_Li_21_22_CB_res,Int16,cb_res,779
S25,S25_M2_B21_Li_21_22_I_res,Float,i_res,780
S25,S25_M2_B21_Li_21_22_P_res,Float,p_res,781
S25,S25_M2_B21_Li_21_22_Q_res,Float,q_res,782
S25,S25_M2_B21_Li_21_22_V_res,Float,v_res,783
S25,S25_M3_B21_Ld21_CB_res,Int16,cb_res,785
S25,S25_M3_B21_Ld21_f_res,Float,f_res,786
S25,S25_M3_B21_Ld21_I_res,Float,i_res,787
S25,S25_M3_B21_Ld21_P_res,Float,p_res,788
S25,S25_M3_B21_Ld21_Q_res,Float,q_res,789
S25,S25_M3_B21_Ld21_V_res,Float,v_res,790
S26,S26_M1_B15_Li_15_16_CB_res,Int16,cb_res,792
S26,S26_M1_B15_Li_15_16_I_res,Float,i_res,793
S26,S26_M1_B15_Li_15_16_P_res,Float,p_res,794
S26,S26_M1_B15_Li_15_16_Q_res,Float,q_res,795
S26,S26_M1_B15_Li_15_16_V_res,Float,v_res,796
S26,S26_M2_B15_Li_14_15_CB_res,Int16,cb_res,798
S26,S26_M2_B15_Li_14_15_I_res,Float,i_res,799
S26,S26_M2_B15_Li_14_15_P_res,Float,p_res,800
S26,S26_M2_B15_Li_14_15_Q_res,Float,q_res,801
S26,S26_M2_B15_Li_14_15_V_res,Float,v_res,802
S26,S26_M3_B15_Ld15_CB_ctrl,Int16,cb_ctrl,803
S26,S26_M3_B15_Ld15_CB_res,Int16,cb_res,804
S26,S26_M3_B15_Ld15_f_res,Float,f_res,805
S26,S26_M3_B15_Ld15_I_res,Float,i_res,806
S26,S26_M3_B15_Ld15_P_res,Float,p_res,807
S26,S26_M3_B15_Ld15_Q_res,Float,q_res,808
S26,S26_M3_B15_Ld15_V_res,Float,v_res,809
S27,S27_M1_B14_Li_14_15_CB_res,Int16,cb_res,811
S27,S27_M1_B14_Li_14_15_I_res,Float,i_res,812
S27,S27_M1_B14_Li_14_15_P_res,Float,p_res,813
S27,S27_M1_B14_Li_14_15_Q_res,Float,q_res,814
S27,S27_M1_B14_Li_14_15_V_res,Float,v_res,815
S27,S27_M2_B14_Li_13_14_CB_res,Int16,cb_res,817
S27,S27_M2_B14_Li_13_14_f_res,Float,f_res,818
S27,S27_M2_B14_Li_13_14_I_res,Float,i_res,819
S27,S27_M2_B14_Li_13_14_P_res,Float,p_res,820
S27,S27_M2_B14_Li_13_14_Q_res,Float,q_res,821
S27,S27_M2_B14_Li_13_14_V_res,Float,v_res,822
S27,S27_M3_B14_Li_04_14_CB_res,Int16,cb_res,824
S27,S27_M3_B14_Li_04_14_I_res,Float,i_res,825
S27,S27_M3_B14_Li_04_14_P_res,Float,p_res,826
S27,S27_M3_B14_Li_04_14_Q_res,Float,q_res,827
S27,S27_M3_B14_Li_04_14_V_res,Float,v_res,828
